path,scope,family,format,size_bytes,modified_utc,resident,disposition,rights_boundary,rationale,conflict,local_enhancement,sha256,upstream_commit
vendor/nzmedicines/.github/workflows/regenerate-indexes.yml,upstream,upstream_workflow,yml,14463,2026-05-20T22:08:54+00:00,True,superseded,source-code,Preserved for provenance; replaced by tested first-party generation commands.,Unpinned inline workflow is not suitable for the target CI boundary.,Python 3.14 harness and dedicated CI profiles.,30c51d73ec0b1a5e458bbbf5a899f99e19d5394c56edee9253f3f83d2883aef4,6a8ecfae67f15d635750d11d5f446b93d76c1865
vendor/nzmedicines/document-references/index.txt,upstream,upstream_generated_index,txt,2,2026-05-20T22:08:54+00:00,True,fixture,source-fixture-review-required,Golden fixture for deterministic index regeneration.,Generated indexes are not authoritative source records.,Deterministic regeneration and negative-control testing target.,7eb70257593da06f682a3ddda54a9d260d4fc514f645237f5ca74b08f8da61a6,6a8ecfae67f15d635750d11d5f446b93d76c1865
vendor/nzmedicines/document-references/nzf-monograph-ibuprofen-adult.json,upstream,upstream_fhir_document_reference,json,500,2026-05-20T22:08:54+00:00,True,fixture,source-fixture-review-required,Preserved FHIR DocumentReference fixture with immutable provenance.,Referenced NZF content and URLs require independent rights/currentness review.,Local source boundaries prevent referenced content from becoming canonical.,ed0dc02b8d809f5ea29b1139222a76ca37236da97ce7bea2437da72d956561ff,6a8ecfae67f15d635750d11d5f446b93d76c1865
vendor/nzmedicines/document-references/nzf-monograph-paracetamol-adult.json,upstream,upstream_fhir_document_reference,json,504,2026-05-20T22:08:54+00:00,True,fixture,source-fixture-review-required,Preserved FHIR DocumentReference fixture with immutable provenance.,Referenced NZF content and URLs require independent rights/currentness review.,Local source boundaries prevent referenced content from becoming canonical.,e5d5028140301ab61fec4b0078960faa1e74522bf5189a946d5e743c206157b3,6a8ecfae67f15d635750d11d5f446b93d76c1865
vendor/nzmedicines/document-references/nzf-pil-ibuprofen.json,upstream,upstream_fhir_document_reference,json,1446,2026-05-20T22:08:54+00:00,True,fixture,source-fixture-review-required,Preserved FHIR DocumentReference fixture with immutable provenance.,Referenced NZF content and URLs require independent rights/currentness review.,Local source boundaries prevent referenced content from becoming canonical.,310e871d53382f8d773878ddf910b492dc2af897ea37d5624203e91a0990e74e,6a8ecfae67f15d635750d11d5f446b93d76c1865
vendor/nzmedicines/document-references/nzf-pil-paracetamol.json,upstream,upstream_fhir_document_reference,json,2134,2026-05-20T22:08:54+00:00,True,fixture,source-fixture-review-required,Preserved FHIR DocumentReference fixture with immutable provenance.,Referenced NZF content and URLs require independent rights/currentness review.,Local source boundaries prevent referenced content from becoming canonical.,345de31ea02801a3c6e8a6e10c5e5f85d8f1b6f054eae6336910850dc71fb9c9,6a8ecfae67f15d635750d11d5f446b93d76c1865
vendor/nzmedicines/medications/10013261000116103-ibuprofen_200_mg_tablet.json,upstream,upstream_fhir_medication,json,6607,2026-05-20T22:08:54+00:00,True,fixture,source-fixture-review-required,Preserved Medication/Bundle fixture for adapter and projection parity.,Sparse examples cannot replace the complete local NZMT hierarchy or status data.,"Local source corpus supplies hierarchy, Medsafe, subsidy, GTIN, pharmacode, ATC, and SNOMED mappings.",0bd581fbc8763bbea07e63acfd93b01fcadf91f71a604f70b3ebd36dcaaa2d45,6a8ecfae67f15d635750d11d5f446b93d76c1865
vendor/nzmedicines/medications/10013271000116100-ibuprofen_400_mg_tablet.json,upstream,upstream_fhir_medication,json,6196,2026-05-20T22:08:54+00:00,True,fixture,source-fixture-review-required,Preserved Medication/Bundle fixture for adapter and projection parity.,Sparse examples cannot replace the complete local NZMT hierarchy or status data.,"Local source corpus supplies hierarchy, Medsafe, subsidy, GTIN, pharmacode, ATC, and SNOMED mappings.",e0b8082bc15d284ed59c34c3ed0deb86f201342b1ab9e8bc264d7d8f87db2ad6,6a8ecfae67f15d635750d11d5f446b93d76c1865
vendor/nzmedicines/medications/10013281000116102-ibuprofen_200_mg_tablet_24_tablets.json,upstream,upstream_fhir_medication,json,4516,2026-05-20T22:08:54+00:00,True,fixture,source-fixture-review-required,Preserved Medication/Bundle fixture for adapter and projection parity.,Sparse examples cannot replace the complete local NZMT hierarchy or status data.,"Local source corpus supplies hierarchy, Medsafe, subsidy, GTIN, pharmacode, ATC, and SNOMED mappings.",30b1ec61ded5b44405c1677ec11d4b544829140ecf9437de90f8523d8570f186,6a8ecfae67f15d635750d11d5f446b93d76c1865
vendor/nzmedicines/medications/10013291000116104-ibuprofen_400_mg_tablet_100_tablets.json,upstream,upstream_fhir_medication,json,4520,2026-05-20T22:08:54+00:00,True,fixture,source-fixture-review-required,Preserved Medication/Bundle fixture for adapter and projection parity.,Sparse examples cannot replace the complete local NZMT hierarchy or status data.,"Local source corpus supplies hierarchy, Medsafe, subsidy, GTIN, pharmacode, ATC, and SNOMED mappings.",8767b5a9db527cfe06e7525caa97fe5eb41b4e3acb43c205a3f01af9e191a2c8,6a8ecfae67f15d635750d11d5f446b93d76c1865
vendor/nzmedicines/medications/10037191000116105-paracetamol.json,upstream,upstream_fhir_medication,json,4625,2026-05-20T22:08:54+00:00,True,fixture,source-fixture-review-required,Preserved Medication/Bundle fixture for adapter and projection parity.,Sparse examples cannot replace the complete local NZMT hierarchy or status data.,"Local source corpus supplies hierarchy, Medsafe, subsidy, GTIN, pharmacode, ATC, and SNOMED mappings.",4be16bb9fd4a36c83247fa2792e858d0f0d7d94e8fb0ebe958da7864f901484f,6a8ecfae67f15d635750d11d5f446b93d76c1865
vendor/nzmedicines/medications/10037271000116101-paracetamol_120_mg_5_mL_oral_liquid.json,upstream,upstream_fhir_medication,json,5386,2026-05-20T22:08:54+00:00,True,fixture,source-fixture-review-required,Preserved Medication/Bundle fixture for adapter and projection parity.,Sparse examples cannot replace the complete local NZMT hierarchy or status data.,"Local source corpus supplies hierarchy, Medsafe, subsidy, GTIN, pharmacode, ATC, and SNOMED mappings.",2b4efd903f32a62d7ae1a5cee36f492a1991a54de5e691a81fa9cba73397947c,6a8ecfae67f15d635750d11d5f446b93d76c1865
vendor/nzmedicines/medications/10194111000116109-warfarin/10194171000116101-coumadin.json,upstream,upstream_fhir_medication,json,102523,2026-05-20T22:08:54+00:00,True,fixture,source-fixture-review-required,Preserved Medication/Bundle fixture for adapter and projection parity.,Sparse examples cannot replace the complete local NZMT hierarchy or status data.,"Local source corpus supplies hierarchy, Medsafe, subsidy, GTIN, pharmacode, ATC, and SNOMED mappings.",307ababf911a359df863ede6f91ce130d3c8180a5d60e7a6a3b441cbd375eb04,6a8ecfae67f15d635750d11d5f446b93d76c1865
vendor/nzmedicines/medications/10194111000116109-warfarin/10429461000116106-marevan.json,upstream,upstream_fhir_medication,json,105052,2026-05-20T22:08:54+00:00,True,fixture,source-fixture-review-required,Preserved Medication/Bundle fixture for adapter and projection parity.,Sparse examples cannot replace the complete local NZMT hierarchy or status data.,"Local source corpus supplies hierarchy, Medsafe, subsidy, GTIN, pharmacode, ATC, and SNOMED mappings.",3980a4b7d43b0d272e586848572cfe901075551f36b0e5ff93122cb397178a9e,6a8ecfae67f15d635750d11d5f446b93d76c1865
vendor/nzmedicines/medications/10194111000116109-warfarin/_index.json,upstream,upstream_generated_index,json,11989,2026-05-20T22:08:54+00:00,True,fixture,source-fixture-review-required,Golden fixture for deterministic index regeneration.,Generated indexes are not authoritative source records.,Deterministic regeneration and negative-control testing target.,eba7a44a3a6dc0b027cc038ec6348e62630b027a011e0a4119b82bcc3f8dc7cb,6a8ecfae67f15d635750d11d5f446b93d76c1865
vendor/nzmedicines/medications/10194111000116109-warfarin/generic.json,upstream,upstream_fhir_medication,json,73379,2026-05-20T22:08:54+00:00,True,fixture,source-fixture-review-required,Preserved Medication/Bundle fixture for adapter and projection parity.,Sparse examples cannot replace the complete local NZMT hierarchy or status data.,"Local source corpus supplies hierarchy, Medsafe, subsidy, GTIN, pharmacode, ATC, and SNOMED mappings.",814b3a97c2f933449c0f2ed980e0ba27dc5c1d1db0a4ca900669e2998f716456,6a8ecfae67f15d635750d11d5f446b93d76c1865
vendor/nzmedicines/medications/10527591000116101-paracetamol_500_mg_tablet_100_tablets.json,upstream,upstream_fhir_medication,json,4646,2026-05-20T22:08:54+00:00,True,fixture,source-fixture-review-required,Preserved Medication/Bundle fixture for adapter and projection parity.,Sparse examples cannot replace the complete local NZMT hierarchy or status data.,"Local source corpus supplies hierarchy, Medsafe, subsidy, GTIN, pharmacode, ATC, and SNOMED mappings.",79c4cab778c19a27004b6ddb441a01a980fc845fa1c8a3511fe21177343468b5,6a8ecfae67f15d635750d11d5f446b93d76c1865
vendor/nzmedicines/medications/44282231000116104-paracetamol_500_mg_tablet.json,upstream,upstream_fhir_medication,json,7448,2026-05-20T22:08:54+00:00,True,fixture,source-fixture-review-required,Preserved Medication/Bundle fixture for adapter and projection parity.,Sparse examples cannot replace the complete local NZMT hierarchy or status data.,"Local source corpus supplies hierarchy, Medsafe, subsidy, GTIN, pharmacode, ATC, and SNOMED mappings.",99a3c061661054ce348f5490377a48db03d2399f2496ccf9874c73510b0b233b,6a8ecfae67f15d635750d11d5f446b93d76c1865
vendor/nzmedicines/medications/50013251000116105-Nurofen_200_mg_tablet_film-coated_24_tablets_blister_pack.json,upstream,upstream_fhir_medication,json,7346,2026-05-20T22:08:54+00:00,True,fixture,source-fixture-review-required,Preserved Medication/Bundle fixture for adapter and projection parity.,Sparse examples cannot replace the complete local NZMT hierarchy or status data.,"Local source corpus supplies hierarchy, Medsafe, subsidy, GTIN, pharmacode, ATC, and SNOMED mappings.",ad718712bc732ed6f6999bb66a6efec67bd6bb2cc6d7a910c9f5c8f953fd5df2,6a8ecfae67f15d635750d11d5f446b93d76c1865
vendor/nzmedicines/medications/50013261000116102-Brufen_400_mg_tablet_100_tablets_bottle.json,upstream,upstream_fhir_medication,json,9631,2026-05-20T22:08:54+00:00,True,fixture,source-fixture-review-required,Preserved Medication/Bundle fixture for adapter and projection parity.,Sparse examples cannot replace the complete local NZMT hierarchy or status data.,"Local source corpus supplies hierarchy, Medsafe, subsidy, GTIN, pharmacode, ATC, and SNOMED mappings.",b528365d23cb69b1a54af465c8291e871fe95cd9ec4dca2e1203f26d91d8785c,6a8ecfae67f15d635750d11d5f446b93d76c1865
vendor/nzmedicines/medications/50066491000116104-Panadol_500_mg_tablet_film-coated_100_tablets_bottle.json,upstream,upstream_fhir_medication,json,9750,2026-05-20T22:08:54+00:00,True,fixture,source-fixture-review-required,Preserved Medication/Bundle fixture for adapter and projection parity.,Sparse examples cannot replace the complete local NZMT hierarchy or status data.,"Local source corpus supplies hierarchy, Medsafe, subsidy, GTIN, pharmacode, ATC, and SNOMED mappings.",d1e5cf114f76c476f72d61b730aae7d5475e96b8a25767429a758f5091605226,6a8ecfae67f15d635750d11d5f446b93d76c1865
vendor/nzmedicines/readme.md,upstream,upstream_design_rationale,md,4938,2026-05-20T22:08:54+00:00,True,adapted,source-documentation,FHIR mapping rationale is retained and corrected in first-party documentation.,Projection examples do not establish current registry or standards conformance.,Canonical/projection separation and explicit provenance.,28cc4cfa352266968cce4a329964266ea55c5fc9716d8d6c1704a6108f3cdad7,6a8ecfae67f15d635750d11d5f446b93d76c1865
vendor/nzmedicines/substance/2211011000036101-ibuprofen.json,upstream,upstream_fhir_substance,json,320,2026-05-20T22:08:54+00:00,True,fixture,source-fixture-review-required,Preserved Substance fixture for adapter and projection parity.,Substance examples are incomplete relative to the local NZMT corpus.,Local substance and SNOMED mapping tables provide broader coverage.,5c5330d0493775d54ecf66a5cbe8615148810825feb2ba9417399cc9155ebb8c,6a8ecfae67f15d635750d11d5f446b93d76c1865
vendor/nzmedicines/substance/2442011000036104-paracetamol.json,upstream,upstream_fhir_substance,json,322,2026-05-20T22:08:54+00:00,True,fixture,source-fixture-review-required,Preserved Substance fixture for adapter and projection parity.,Substance examples are incomplete relative to the local NZMT corpus.,Local substance and SNOMED mapping tables provide broader coverage.,6523cbfef2c995898ebd55a28d3db2d4b38c2d9bb00f78e35f9cdb80ba248e6e,6a8ecfae67f15d635750d11d5f446b93d76c1865
vendor/nzmedicines/substance/substance.txt,upstream,upstream_generated_index,txt,2,2026-05-20T22:08:54+00:00,True,fixture,source-fixture-review-required,Golden fixture for deterministic index regeneration.,Generated indexes are not authoritative source records.,Deterministic regeneration and negative-control testing target.,7eb70257593da06f682a3ddda54a9d260d4fc514f645237f5ca74b08f8da61a6,6a8ecfae67f15d635750d11d5f446b93d76c1865
comparisons/atc_enriched/medsafe_products_with_atc.csv,local,derived_comparison,csv,3688750,2025-09-02T11:19:25+00:00,False,adapted,local-only-review-required,Derived Medsafe/ATC comparison output retained as regression evidence.,Must not be presented as a current regulatory status source.,Existing cross-terminology enrichment output.,,
docs/adr/004-nzulm-integration.md,local,implementation_support,md,3383,2025-09-28T07:47:10+00:00,False,adapted,source-code-or-documentation,"Existing implementation, validation, or design surface to retain and evolve.",Some legacy documentation may overstate completion or current recency.,Maintainer-owned implementation and test evidence.,,
docs/medsafe_sqlite.md,local,implementation_support,md,4108,2025-09-02T02:16:28+00:00,False,adapted,source-code-or-documentation,"Existing implementation, validation, or design surface to retain and evolve.",Some legacy documentation may overstate completion or current recency.,Maintainer-owned implementation and test evidence.,,
docs/nzulm_2023_integration.md,local,implementation_support,md,2191,2025-09-07T05:17:51+00:00,False,adapted,source-code-or-documentation,"Existing implementation, validation, or design surface to retain and evolve.",Some legacy documentation may overstate completion or current recency.,Maintainer-owned implementation and test evidence.,,
medsafe_applications_paracetamol.csv,local,curated_sample,csv,329422,2025-09-02T01:02:29+00:00,False,fixture,local-only-review-required,Small Medsafe sample suitable for deterministic adapter fixtures.,Sample is not evidence of complete regulatory coverage.,Existing paracetamol regression data.,,
medsafe_exports/medsafe.sqlite,local,medsafe_derived_export,sqlite,22851584,2025-09-02T02:17:47+00:00,False,adapted,local-only-review-required,Reusable regulatory export derived from Medsafe source data.,Derived formats can drift from the embedded NZULM Medsafe tables.,"CSV, Parquet, XLSX, and SQLite parity surfaces already exist.",,
medsafe_exports/medsafe.sqlite-shm,local,database_sidecar,sqlite-shm,32768,2025-09-28T07:57:10+00:00,False,excluded,local-only,Ephemeral SQLite sidecar; not an authoritative dataset.,May represent an interrupted or open local database state.,None.,,
medsafe_exports/medsafe.sqlite-wal,local,database_sidecar,sqlite-wal,0,2025-09-28T07:57:10+00:00,True,excluded,local-only,Ephemeral SQLite sidecar; not an authoritative dataset.,May represent an interrupted or open local database state.,None.,,
medsafe_exports/medsafe_applications.csv,local,medsafe_derived_export,csv,6890091,2025-09-02T01:37:04+00:00,False,adapted,local-only-review-required,Reusable regulatory export derived from Medsafe source data.,Derived formats can drift from the embedded NZULM Medsafe tables.,"CSV, Parquet, XLSX, and SQLite parity surfaces already exist.",,
medsafe_exports/medsafe_applications.parquet,local,medsafe_derived_export,parquet,807601,2025-09-02T01:37:05+00:00,False,adapted,local-only-review-required,Reusable regulatory export derived from Medsafe source data.,Derived formats can drift from the embedded NZULM Medsafe tables.,"CSV, Parquet, XLSX, and SQLite parity surfaces already exist.",,
medsafe_exports/medsafe_applications.xlsx,local,medsafe_derived_export,xlsx,1390816,2025-09-02T01:37:05+00:00,False,adapted,local-only-review-required,Reusable regulatory export derived from Medsafe source data.,Derived formats can drift from the embedded NZULM Medsafe tables.,"CSV, Parquet, XLSX, and SQLite parity surfaces already exist.",,
medsafe_exports/medsafe_products.csv,local,medsafe_derived_export,csv,3441710,2025-09-02T01:37:01+00:00,False,adapted,local-only-review-required,Reusable regulatory export derived from Medsafe source data.,Derived formats can drift from the embedded NZULM Medsafe tables.,"CSV, Parquet, XLSX, and SQLite parity surfaces already exist.",,
medsafe_exports/medsafe_products.parquet,local,medsafe_derived_export,parquet,622877,2025-09-02T01:37:04+00:00,False,adapted,local-only-review-required,Reusable regulatory export derived from Medsafe source data.,Derived formats can drift from the embedded NZULM Medsafe tables.,"CSV, Parquet, XLSX, and SQLite parity surfaces already exist.",,
medsafe_exports/medsafe_products.xlsx,local,medsafe_derived_export,xlsx,1032990,2025-09-02T01:37:03+00:00,False,adapted,local-only-review-required,Reusable regulatory export derived from Medsafe source data.,Derived formats can drift from the embedded NZULM Medsafe tables.,"CSV, Parquet, XLSX, and SQLite parity surfaces already exist.",,
medsafe_products_paracetamol.csv,local,curated_sample,csv,152797,2025-09-02T01:02:07+00:00,False,fixture,local-only-review-required,Small Medsafe sample suitable for deterministic adapter fixtures.,Sample is not evidence of complete regulatory coverage.,Existing paracetamol regression data.,,
nzulm.db,local,legacy_derived_database,db,45056,2025-09-22T04:38:03+00:00,False,adapted,local-only,Existing derived database retained as migration and parity input.,Opaque derivation and recency must not be treated as authoritative.,Useful regression and migration surface for DuckDB/Parquet outputs.,,
nzulm_2023.zip,local,release_archive,zip,36527993,2025-09-07T05:13:41+00:00,False,superseded,local-only-review-required,Preserved release archive; extracted source family is the working input.,Duplicate archive surfaces require digest comparison before deletion.,Recoverable source-release boundary.,,
nzulm_2023_data/abbreviations_dump.csv,local,nzmt_supporting_source,csv,2447,2023-11-27T00:56:02+00:00,False,adopted,local-only-review-required,Source-native 2023 NZULM/NZMT release asset retained without transformation.,Static 2023 release is stale for current-status claims and has mixed rights.,"Richer hierarchy, Medsafe, subsidy, identifier, and mapping coverage than upstream FHIR examples.",,
nzulm_2023_data/Basis_of_Strength_Substance_Information_20Mar12.docx,local,governance_and_schema_documentation,docx,16679,2023-11-27T00:56:02+00:00,False,adopted,local-only-review-required,Source-native 2023 NZULM/NZMT release asset retained without transformation.,Static 2023 release is stale for current-status claims and has mixed rights.,"Richer hierarchy, Medsafe, subsidy, identifier, and mapping coverage than upstream FHIR examples.",,
nzulm_2023_data/Change Report 231127.xlsx,local,governance_and_schema_documentation,xlsx,197351,2023-11-27T00:56:36+00:00,False,adopted,local-only-review-required,Source-native 2023 NZULM/NZMT release asset retained without transformation.,Static 2023 release is stale for current-status claims and has mixed rights.,"Richer hierarchy, Medsafe, subsidy, identifier, and mapping coverage than upstream FHIR examples.",,
nzulm_2023_data/charting_term_index_dump.csv,local,nzmt_supporting_source,csv,6628892,2023-11-27T00:56:02+00:00,False,adopted,local-only-review-required,Source-native 2023 NZULM/NZMT release asset retained without transformation.,Static 2023 release is stale for current-status claims and has mixed rights.,"Richer hierarchy, Medsafe, subsidy, identifier, and mapping coverage than upstream FHIR examples.",,
nzulm_2023_data/CT_dump.csv,local,nzmt_hierarchy_source,csv,4664,2023-11-27T00:56:02+00:00,False,adopted,local-only-review-required,Source-native 2023 NZULM/NZMT release asset retained without transformation.,Static 2023 release is stale for current-status claims and has mixed rights.,"Richer hierarchy, Medsafe, subsidy, identifier, and mapping coverage than upstream FHIR examples.",,
nzulm_2023_data/CTPP_dump.csv,local,nzmt_hierarchy_source,csv,7037845,2023-11-27T00:56:02+00:00,False,adopted,local-only-review-required,Source-native 2023 NZULM/NZMT release asset retained without transformation.,Static 2023 release is stale for current-status claims and has mixed rights.,"Richer hierarchy, Medsafe, subsidy, identifier, and mapping coverage than upstream FHIR examples.",,
nzulm_2023_data/ctpp_pharmacodes_dump.csv,local,terminology_mapping_source,csv,395896,2023-11-27T00:56:02+00:00,False,adopted,local-only-review-required,Source-native 2023 NZULM/NZMT release asset retained without transformation.,Static 2023 release is stale for current-status claims and has mixed rights.,"Richer hierarchy, Medsafe, subsidy, identifier, and mapping coverage than upstream FHIR examples.",,
nzulm_2023_data/ctpp_related_ids.csv,local,terminology_mapping_source,csv,12773922,2023-11-27T00:56:36+00:00,False,adopted,local-only-review-required,Source-native 2023 NZULM/NZMT release asset retained without transformation.,Static 2023 release is stale for current-status claims and has mixed rights.,"Richer hierarchy, Medsafe, subsidy, identifier, and mapping coverage than upstream FHIR examples.",,
nzulm_2023_data/description_types_dump.csv,local,nzmt_supporting_source,csv,1518,2023-11-27T00:56:02+00:00,False,adopted,local-only-review-required,Source-native 2023 NZULM/NZMT release asset retained without transformation.,Static 2023 release is stale for current-status claims and has mixed rights.,"Richer hierarchy, Medsafe, subsidy, identifier, and mapping coverage than upstream FHIR examples.",,
nzulm_2023_data/descriptions_dump.csv,local,nzmt_supporting_source,csv,55732292,2023-11-27T00:56:02+00:00,False,adopted,local-only-review-required,Source-native 2023 NZULM/NZMT release asset retained without transformation.,Static 2023 release is stale for current-status claims and has mixed rights.,"Richer hierarchy, Medsafe, subsidy, identifier, and mapping coverage than upstream FHIR examples.",,
nzulm_2023_data/doseform_dump.csv,local,nzmt_supporting_source,csv,32418,2023-11-27T00:56:02+00:00,False,adopted,local-only-review-required,Source-native 2023 NZULM/NZMT release asset retained without transformation.,Static 2023 release is stale for current-status claims and has mixed rights.,"Richer hierarchy, Medsafe, subsidy, identifier, and mapping coverage than upstream FHIR examples.",,
nzulm_2023_data/flags_dump.csv,local,nzmt_supporting_source,csv,390310,2023-11-27T00:56:02+00:00,False,adopted,local-only-review-required,Source-native 2023 NZULM/NZMT release asset retained without transformation.,Static 2023 release is stale for current-status claims and has mixed rights.,"Richer hierarchy, Medsafe, subsidy, identifier, and mapping coverage than upstream FHIR examples.",,
nzulm_2023_data/gtins_dump.csv,local,terminology_mapping_source,csv,315336,2023-11-27T00:56:02+00:00,False,adopted,local-only-review-required,Source-native 2023 NZULM/NZMT release asset retained without transformation.,Static 2023 release is stale for current-status claims and has mixed rights.,"Richer hierarchy, Medsafe, subsidy, identifier, and mapping coverage than upstream FHIR examples.",,
nzulm_2023_data/gtins_extended_dump.csv,local,terminology_mapping_source,csv,357571,2023-11-27T00:56:02+00:00,False,adopted,local-only-review-required,Source-native 2023 NZULM/NZMT release asset retained without transformation.,Static 2023 release is stale for current-status claims and has mixed rights.,"Richer hierarchy, Medsafe, subsidy, identifier, and mapping coverage than upstream FHIR examples.",,
nzulm_2023_data/hml_atc_dump.csv,local,funding_formulary_source,csv,31067,2023-11-27T00:56:02+00:00,False,adopted,local-only-review-required,Source-native 2023 NZULM/NZMT release asset retained without transformation.,Static 2023 release is stale for current-status claims and has mixed rights.,"Richer hierarchy, Medsafe, subsidy, identifier, and mapping coverage than upstream FHIR examples.",,
nzulm_2023_data/hml_brand_dump.csv,local,funding_formulary_source,csv,270417,2023-11-27T00:56:02+00:00,False,adopted,local-only-review-required,Source-native 2023 NZULM/NZMT release asset retained without transformation.,Static 2023 release is stale for current-status claims and has mixed rights.,"Richer hierarchy, Medsafe, subsidy, identifier, and mapping coverage than upstream FHIR examples.",,
nzulm_2023_data/hml_cfbp_dump.csv,local,funding_formulary_source,csv,330628,2023-11-27T00:56:02+00:00,False,adopted,local-only-review-required,Source-native 2023 NZULM/NZMT release asset retained without transformation.,Static 2023 release is stale for current-status claims and has mixed rights.,"Richer hierarchy, Medsafe, subsidy, identifier, and mapping coverage than upstream FHIR examples.",,
nzulm_2023_data/hml_chemical_dump.csv,local,funding_formulary_source,csv,85727,2023-11-27T00:56:02+00:00,False,adopted,local-only-review-required,Source-native 2023 NZULM/NZMT release asset retained without transformation.,Static 2023 release is stale for current-status claims and has mixed rights.,"Richer hierarchy, Medsafe, subsidy, identifier, and mapping coverage than upstream FHIR examples.",,
nzulm_2023_data/hml_formulation_dump.csv,local,funding_formulary_source,csv,280506,2023-11-27T00:56:02+00:00,False,adopted,local-only-review-required,Source-native 2023 NZULM/NZMT release asset retained without transformation.,Static 2023 release is stale for current-status claims and has mixed rights.,"Richer hierarchy, Medsafe, subsidy, identifier, and mapping coverage than upstream FHIR examples.",,
nzulm_2023_data/hml_note_dump.csv,local,funding_formulary_source,csv,942586,2023-11-27T00:56:02+00:00,False,adopted,local-only-review-required,Source-native 2023 NZULM/NZMT release asset retained without transformation.,Static 2023 release is stale for current-status claims and has mixed rights.,"Richer hierarchy, Medsafe, subsidy, identifier, and mapping coverage than upstream FHIR examples.",,
nzulm_2023_data/hml_pack_dump.csv,local,funding_formulary_source,csv,409085,2023-11-27T00:56:02+00:00,False,adopted,local-only-review-required,Source-native 2023 NZULM/NZMT release asset retained without transformation.,Static 2023 release is stale for current-status claims and has mixed rights.,"Richer hierarchy, Medsafe, subsidy, identifier, and mapping coverage than upstream FHIR examples.",,
nzulm_2023_data/hml_request_dump.csv,local,funding_formulary_source,csv,28980,2023-11-27T00:56:02+00:00,False,adopted,local-only-review-required,Source-native 2023 NZULM/NZMT release asset retained without transformation.,Static 2023 release is stale for current-status claims and has mixed rights.,"Richer hierarchy, Medsafe, subsidy, identifier, and mapping coverage than upstream FHIR examples.",,
nzulm_2023_data/hml_rule_dump.csv,local,funding_formulary_source,csv,67444,2023-11-27T00:56:02+00:00,False,adopted,local-only-review-required,Source-native 2023 NZULM/NZMT release asset retained without transformation.,Static 2023 release is stale for current-status claims and has mixed rights.,"Richer hierarchy, Medsafe, subsidy, identifier, and mapping coverage than upstream FHIR examples.",,
nzulm_2023_data/hml_schedule_dump.csv,local,funding_formulary_source,csv,223,2023-11-27T00:56:02+00:00,False,adopted,local-only-review-required,Source-native 2023 NZULM/NZMT release asset retained without transformation.,Static 2023 release is stale for current-status claims and has mixed rights.,"Richer hierarchy, Medsafe, subsidy, identifier, and mapping coverage than upstream FHIR examples.",,
nzulm_2023_data/IMPORTANT_Read this before using the NZULM data download.docx,local,governance_and_schema_documentation,docx,20306,2023-11-27T00:56:02+00:00,False,adopted,local-only-review-required,Source-native 2023 NZULM/NZMT release asset retained without transformation.,Static 2023 release is stale for current-status claims and has mixed rights.,"Richer hierarchy, Medsafe, subsidy, identifier, and mapping coverage than upstream FHIR examples.",,
nzulm_2023_data/IMPORTANT_Read this before using the NZULM data download.pdf,local,governance_and_schema_documentation,pdf,75588,2023-11-27T00:56:02+00:00,False,adopted,local-only-review-required,Source-native 2023 NZULM/NZMT release asset retained without transformation.,Static 2023 release is stale for current-status claims and has mixed rights.,"Richer hierarchy, Medsafe, subsidy, identifier, and mapping coverage than upstream FHIR examples.",,
nzulm_2023_data/LBL160 Label Terms notes.docx,local,governance_and_schema_documentation,docx,85293,2023-11-27T00:56:02+00:00,False,adopted,local-only-review-required,Source-native 2023 NZULM/NZMT release asset retained without transformation.,Static 2023 release is stale for current-status claims and has mixed rights.,"Richer hierarchy, Medsafe, subsidy, identifier, and mapping coverage than upstream FHIR examples.",,
nzulm_2023_data/LBL160 Label Terms notes.pdf,local,governance_and_schema_documentation,pdf,161343,2023-11-27T00:56:02+00:00,False,adopted,local-only-review-required,Source-native 2023 NZULM/NZMT release asset retained without transformation.,Static 2023 release is stale for current-status claims and has mixed rights.,"Richer hierarchy, Medsafe, subsidy, identifier, and mapping coverage than upstream FHIR examples.",,
nzulm_2023_data/medsafe_restrictions_dump.csv,local,medsafe_regulatory_source,csv,4152,2023-11-27T00:56:02+00:00,False,adopted,local-only-review-required,Source-native 2023 NZULM/NZMT release asset retained without transformation.,Static 2023 release is stale for current-status claims and has mixed rights.,"Richer hierarchy, Medsafe, subsidy, identifier, and mapping coverage than upstream FHIR examples.",,
nzulm_2023_data/MHM_dump.csv,local,nzmt_hierarchy_source,csv,1518506,2023-11-27T00:56:02+00:00,False,adopted,local-only-review-required,Source-native 2023 NZULM/NZMT release asset retained without transformation.,Static 2023 release is stale for current-status claims and has mixed rights.,"Richer hierarchy, Medsafe, subsidy, identifier, and mapping coverage than upstream FHIR examples.",,
nzulm_2023_data/MP_dump.csv,local,nzmt_hierarchy_source,csv,350397,2023-11-27T00:56:02+00:00,False,adopted,local-only-review-required,Source-native 2023 NZULM/NZMT release asset retained without transformation.,Static 2023 release is stale for current-status claims and has mixed rights.,"Richer hierarchy, Medsafe, subsidy, identifier, and mapping coverage than upstream FHIR examples.",,
nzulm_2023_data/MP_has_substance_dump.csv,local,nzmt_hierarchy_source,csv,311292,2023-11-27T00:56:02+00:00,False,adopted,local-only-review-required,Source-native 2023 NZULM/NZMT release asset retained without transformation.,Static 2023 release is stale for current-status claims and has mixed rights.,"Richer hierarchy, Medsafe, subsidy, identifier, and mapping coverage than upstream FHIR examples.",,
nzulm_2023_data/MPP_dump.csv,local,nzmt_hierarchy_source,csv,3684177,2023-11-27T00:56:02+00:00,False,adopted,local-only-review-required,Source-native 2023 NZULM/NZMT release asset retained without transformation.,Static 2023 release is stale for current-status claims and has mixed rights.,"Richer hierarchy, Medsafe, subsidy, identifier, and mapping coverage than upstream FHIR examples.",,
nzulm_2023_data/MPUU_dump.csv,local,nzmt_hierarchy_source,csv,2303755,2023-11-27T00:56:02+00:00,False,adopted,local-only-review-required,Source-native 2023 NZULM/NZMT release asset retained without transformation.,Static 2023 release is stale for current-status claims and has mixed rights.,"Richer hierarchy, Medsafe, subsidy, identifier, and mapping coverage than upstream FHIR examples.",,
nzulm_2023_data/MPUUSAI_dump.csv,local,nzmt_hierarchy_source,csv,3138559,2023-11-27T00:56:02+00:00,False,adopted,local-only-review-required,Source-native 2023 NZULM/NZMT release asset retained without transformation.,Static 2023 release is stale for current-status claims and has mixed rights.,"Richer hierarchy, Medsafe, subsidy, identifier, and mapping coverage than upstream FHIR examples.",,
nzulm_2023_data/ms_alias_dump.csv,local,medsafe_regulatory_source,csv,101074,2023-11-27T00:56:02+00:00,False,adopted,local-only-review-required,Source-native 2023 NZULM/NZMT release asset retained without transformation.,Static 2023 release is stale for current-status claims and has mixed rights.,"Richer hierarchy, Medsafe, subsidy, identifier, and mapping coverage than upstream FHIR examples.",,
nzulm_2023_data/ms_application_dump.csv,local,medsafe_regulatory_source,csv,3370490,2023-11-27T00:56:02+00:00,False,adopted,local-only-review-required,Source-native 2023 NZULM/NZMT release asset retained without transformation.,Static 2023 release is stale for current-status claims and has mixed rights.,"Richer hierarchy, Medsafe, subsidy, identifier, and mapping coverage than upstream FHIR examples.",,
nzulm_2023_data/ms_classification_dump.csv,local,medsafe_regulatory_source,csv,331743,2023-11-27T00:56:02+00:00,False,adopted,local-only-review-required,Source-native 2023 NZULM/NZMT release asset retained without transformation.,Static 2023 release is stale for current-status claims and has mixed rights.,"Richer hierarchy, Medsafe, subsidy, identifier, and mapping coverage than upstream FHIR examples.",,
nzulm_2023_data/ms_component_dump.csv,local,medsafe_regulatory_source,csv,1039228,2023-11-27T00:56:02+00:00,False,adopted,local-only-review-required,Source-native 2023 NZULM/NZMT release asset retained without transformation.,Static 2023 release is stale for current-status claims and has mixed rights.,"Richer hierarchy, Medsafe, subsidy, identifier, and mapping coverage than upstream FHIR examples.",,
nzulm_2023_data/ms_dataset_dump.csv,local,medsafe_regulatory_source,csv,103,2023-11-27T00:56:02+00:00,False,adopted,local-only-review-required,Source-native 2023 NZULM/NZMT release asset retained without transformation.,Static 2023 release is stale for current-status claims and has mixed rights.,"Richer hierarchy, Medsafe, subsidy, identifier, and mapping coverage than upstream FHIR examples.",,
nzulm_2023_data/ms_ingredient_dump.csv,local,medsafe_regulatory_source,csv,6950903,2023-11-27T00:56:02+00:00,False,adopted,local-only-review-required,Source-native 2023 NZULM/NZMT release asset retained without transformation.,Static 2023 release is stale for current-status claims and has mixed rights.,"Richer hierarchy, Medsafe, subsidy, identifier, and mapping coverage than upstream FHIR examples.",,
nzulm_2023_data/ms_ingredient_type_dump.csv,local,medsafe_regulatory_source,csv,1823,2023-11-27T00:56:02+00:00,False,adopted,local-only-review-required,Source-native 2023 NZULM/NZMT release asset retained without transformation.,Static 2023 release is stale for current-status claims and has mixed rights.,"Richer hierarchy, Medsafe, subsidy, identifier, and mapping coverage than upstream FHIR examples.",,
nzulm_2023_data/ms_name_and_address_dump.csv,local,medsafe_regulatory_source,csv,1203276,2023-11-27T00:56:02+00:00,False,adopted,local-only-review-required,Source-native 2023 NZULM/NZMT release asset retained without transformation.,Static 2023 release is stale for current-status claims and has mixed rights.,"Richer hierarchy, Medsafe, subsidy, identifier, and mapping coverage than upstream FHIR examples.",,
nzulm_2023_data/ms_pack_shelf_life_dump.csv,local,medsafe_regulatory_source,csv,3915381,2023-11-27T00:56:02+00:00,False,adopted,local-only-review-required,Source-native 2023 NZULM/NZMT release asset retained without transformation.,Static 2023 release is stale for current-status claims and has mixed rights.,"Richer hierarchy, Medsafe, subsidy, identifier, and mapping coverage than upstream FHIR examples.",,
nzulm_2023_data/ms_package_dump.csv,local,medsafe_regulatory_source,csv,3544136,2023-11-27T00:56:02+00:00,False,adopted,local-only-review-required,Source-native 2023 NZULM/NZMT release asset retained without transformation.,Static 2023 release is stale for current-status claims and has mixed rights.,"Richer hierarchy, Medsafe, subsidy, identifier, and mapping coverage than upstream FHIR examples.",,
nzulm_2023_data/ms_prod_atc_dump.csv,local,medsafe_regulatory_source,csv,1037805,2023-11-27T00:56:02+00:00,False,adopted,local-only-review-required,Source-native 2023 NZULM/NZMT release asset retained without transformation.,Static 2023 release is stale for current-status claims and has mixed rights.,"Richer hierarchy, Medsafe, subsidy, identifier, and mapping coverage than upstream FHIR examples.",,
nzulm_2023_data/ms_prod_report_dump.csv,local,medsafe_regulatory_source,csv,600913,2023-11-27T00:56:02+00:00,False,adopted,local-only-review-required,Source-native 2023 NZULM/NZMT release asset retained without transformation.,Static 2023 release is stale for current-status claims and has mixed rights.,"Richer hierarchy, Medsafe, subsidy, identifier, and mapping coverage than upstream FHIR examples.",,
nzulm_2023_data/ms_product_dump.csv,local,medsafe_regulatory_source,csv,4479011,2023-11-27T00:56:02+00:00,False,adopted,local-only-review-required,Source-native 2023 NZULM/NZMT release asset retained without transformation.,Static 2023 release is stale for current-status claims and has mixed rights.,"Richer hierarchy, Medsafe, subsidy, identifier, and mapping coverage than upstream FHIR examples.",,
nzulm_2023_data/ms_production_chain_dump.csv,local,medsafe_regulatory_source,csv,7199265,2023-11-27T00:56:02+00:00,False,adopted,local-only-review-required,Source-native 2023 NZULM/NZMT release asset retained without transformation.,Static 2023 release is stale for current-status claims and has mixed rights.,"Richer hierarchy, Medsafe, subsidy, identifier, and mapping coverage than upstream FHIR examples.",,
nzulm_2023_data/ms_route_of_admin_dump.csv,local,medsafe_regulatory_source,csv,665554,2023-11-27T00:56:02+00:00,False,adopted,local-only-review-required,Source-native 2023 NZULM/NZMT release asset retained without transformation.,Static 2023 release is stale for current-status claims and has mixed rights.,"Richer hierarchy, Medsafe, subsidy, identifier, and mapping coverage than upstream FHIR examples.",,
nzulm_2023_data/ms_substance_dump.csv,local,medsafe_regulatory_source,csv,497252,2023-11-27T00:56:02+00:00,False,adopted,local-only-review-required,Source-native 2023 NZULM/NZMT release asset retained without transformation.,Static 2023 release is stale for current-status claims and has mixed rights.,"Richer hierarchy, Medsafe, subsidy, identifier, and mapping coverage than upstream FHIR examples.",,
nzulm_2023_data/ms_substance_name_dump.csv,local,medsafe_regulatory_source,csv,864600,2023-11-27T00:56:02+00:00,False,adopted,local-only-review-required,Source-native 2023 NZULM/NZMT release asset retained without transformation.,Static 2023 release is stale for current-status claims and has mixed rights.,"Richer hierarchy, Medsafe, subsidy, identifier, and mapping coverage than upstream FHIR examples.",,
nzulm_2023_data/ms_substance_sct_dump.csv,local,medsafe_regulatory_source,csv,135345,2023-11-27T00:56:02+00:00,False,adopted,local-only-review-required,Source-native 2023 NZULM/NZMT release asset retained without transformation.,Static 2023 release is stale for current-status claims and has mixed rights.,"Richer hierarchy, Medsafe, subsidy, identifier, and mapping coverage than upstream FHIR examples.",,
nzulm_2023_data/MSP_dump.csv,local,nzmt_hierarchy_source,csv,120377,2023-11-27T00:56:02+00:00,False,adopted,local-only-review-required,Source-native 2023 NZULM/NZMT release asset retained without transformation.,Static 2023 release is stale for current-status claims and has mixed rights.,"Richer hierarchy, Medsafe, subsidy, identifier, and mapping coverage than upstream FHIR examples.",,
nzulm_2023_data/NZMT to SNOMED CT international edition map analysts guide version 2.docx,local,terminology_mapping_source,docx,517583,2023-11-27T00:56:02+00:00,False,adopted,local-only-review-required,Source-native 2023 NZULM/NZMT release asset retained without transformation.,Static 2023 release is stale for current-status claims and has mixed rights.,"Richer hierarchy, Medsafe, subsidy, identifier, and mapping coverage than upstream FHIR examples.",,
nzulm_2023_data/NZMT to SNOMED CT international edition map analysts guide version 2.pdf,local,terminology_mapping_source,pdf,600478,2023-11-27T00:56:02+00:00,False,adopted,local-only-review-required,Source-native 2023 NZULM/NZMT release asset retained without transformation.,Static 2023 release is stale for current-status claims and has mixed rights.,"Richer hierarchy, Medsafe, subsidy, identifier, and mapping coverage than upstream FHIR examples.",,
nzulm_2023_data/nzmt_atc_codes_dump.csv,local,terminology_mapping_source,csv,271567,2023-11-27T00:56:02+00:00,False,adopted,local-only-review-required,Source-native 2023 NZULM/NZMT release asset retained without transformation.,Static 2023 release is stale for current-status claims and has mixed rights.,"Richer hierarchy, Medsafe, subsidy, identifier, and mapping coverage than upstream FHIR examples.",,
nzulm_2023_data/nzmt_atc_links_dump.csv,local,terminology_mapping_source,csv,3808136,2023-11-27T00:56:02+00:00,False,adopted,local-only-review-required,Source-native 2023 NZULM/NZMT release asset retained without transformation.,Static 2023 release is stale for current-status claims and has mixed rights.,"Richer hierarchy, Medsafe, subsidy, identifier, and mapping coverage than upstream FHIR examples.",,
nzulm_2023_data/nzmt_pharmac_subsidy_codes_dump.csv,local,funding_formulary_source,csv,534970,2023-11-27T00:56:02+00:00,False,adopted,local-only-review-required,Source-native 2023 NZULM/NZMT release asset retained without transformation.,Static 2023 release is stale for current-status claims and has mixed rights.,"Richer hierarchy, Medsafe, subsidy, identifier, and mapping coverage than upstream FHIR examples.",,
nzulm_2023_data/nzmt_status_codes_dump.csv,local,nzmt_supporting_source,csv,236,2023-11-27T00:56:04+00:00,False,adopted,local-only-review-required,Source-native 2023 NZULM/NZMT release asset retained without transformation.,Static 2023 release is stale for current-status claims and has mixed rights.,"Richer hierarchy, Medsafe, subsidy, identifier, and mapping coverage than upstream FHIR examples.",,
nzulm_2023_data/nzmt_to_snomed_ct_international_edition_map_dump.csv,local,terminology_mapping_source,csv,326120,2023-11-27T00:56:02+00:00,False,adopted,local-only-review-required,Source-native 2023 NZULM/NZMT release asset retained without transformation.,Static 2023 release is stale for current-status claims and has mixed rights.,"Richer hierarchy, Medsafe, subsidy, identifier, and mapping coverage than upstream FHIR examples.",,
nzulm_2023_data/NZULM - Getting Started.docx,local,governance_and_schema_documentation,docx,230068,2023-11-27T00:56:02+00:00,False,adopted,local-only-review-required,Source-native 2023 NZULM/NZMT release asset retained without transformation.,Static 2023 release is stale for current-status claims and has mixed rights.,"Richer hierarchy, Medsafe, subsidy, identifier, and mapping coverage than upstream FHIR examples.",,
nzulm_2023_data/NZULM - Getting Started.pdf,local,governance_and_schema_documentation,pdf,604321,2023-11-27T00:56:02+00:00,False,adopted,local-only-review-required,Source-native 2023 NZULM/NZMT release asset retained without transformation.,Static 2023 release is stale for current-status claims and has mixed rights.,"Richer hierarchy, Medsafe, subsidy, identifier, and mapping coverage than upstream FHIR examples.",,
nzulm_2023_data/NZULM Data Overview - SNOMED-CT Mapping Table.docx,local,terminology_mapping_source,docx,75092,2023-11-27T00:56:02+00:00,False,adopted,local-only-review-required,Source-native 2023 NZULM/NZMT release asset retained without transformation.,Static 2023 release is stale for current-status claims and has mixed rights.,"Richer hierarchy, Medsafe, subsidy, identifier, and mapping coverage than upstream FHIR examples.",,
nzulm_2023_data/NZULM Data Overview - SNOMED-CT Mapping Table.pdf,local,terminology_mapping_source,pdf,147008,2023-11-27T00:56:02+00:00,False,adopted,local-only-review-required,Source-native 2023 NZULM/NZMT release asset retained without transformation.,Static 2023 release is stale for current-status claims and has mixed rights.,"Richer hierarchy, Medsafe, subsidy, identifier, and mapping coverage than upstream FHIR examples.",,
nzulm_2023_data/NZULM Data Overview v2.12.8.0.docx,local,governance_and_schema_documentation,docx,2718832,2023-11-27T00:56:02+00:00,False,adopted,local-only-review-required,Source-native 2023 NZULM/NZMT release asset retained without transformation.,Static 2023 release is stale for current-status claims and has mixed rights.,"Richer hierarchy, Medsafe, subsidy, identifier, and mapping coverage than upstream FHIR examples.",,
nzulm_2023_data/NZULM Data Overview v2.12.8.0.pdf,local,governance_and_schema_documentation,pdf,975992,2023-11-27T00:56:02+00:00,False,adopted,local-only-review-required,Source-native 2023 NZULM/NZMT release asset retained without transformation.,Static 2023 release is stale for current-status claims and has mixed rights.,"Richer hierarchy, Medsafe, subsidy, identifier, and mapping coverage than upstream FHIR examples.",,
nzulm_2023_data/NZULM Data Overview v3.8.2.0.docx,local,governance_and_schema_documentation,docx,3142818,2023-11-27T00:56:02+00:00,False,adopted,local-only-review-required,Source-native 2023 NZULM/NZMT release asset retained without transformation.,Static 2023 release is stale for current-status claims and has mixed rights.,"Richer hierarchy, Medsafe, subsidy, identifier, and mapping coverage than upstream FHIR examples.",,
nzulm_2023_data/NZULM Data Overview v3.8.2.0.pdf,local,governance_and_schema_documentation,pdf,1187494,2023-11-27T00:56:02+00:00,False,adopted,local-only-review-required,Source-native 2023 NZULM/NZMT release asset retained without transformation.,Static 2023 release is stale for current-status claims and has mixed rights.,"Richer hierarchy, Medsafe, subsidy, identifier, and mapping coverage than upstream FHIR examples.",,
nzulm_2023_data/NZULM disclaimer statement.txt,local,governance_and_schema_documentation,txt,627,2023-11-27T00:56:02+00:00,False,adopted,local-only-review-required,Source-native 2023 NZULM/NZMT release asset retained without transformation.,Static 2023 release is stale for current-status claims and has mixed rights.,"Richer hierarchy, Medsafe, subsidy, identifier, and mapping coverage than upstream FHIR examples.",,
nzulm_2023_data/NZULM Information ownership statement.txt,local,governance_and_schema_documentation,txt,473,2023-11-27T00:56:02+00:00,False,adopted,local-only-review-required,Source-native 2023 NZULM/NZMT release asset retained without transformation.,Static 2023 release is stale for current-status claims and has mixed rights.,"Richer hierarchy, Medsafe, subsidy, identifier, and mapping coverage than upstream FHIR examples.",,
nzulm_2023_data/NZULM MYSQL Schema v2.12.0.0.txt,local,governance_and_schema_documentation,txt,47024,2023-11-27T00:56:04+00:00,False,adopted,local-only-review-required,Source-native 2023 NZULM/NZMT release asset retained without transformation.,Static 2023 release is stale for current-status claims and has mixed rights.,"Richer hierarchy, Medsafe, subsidy, identifier, and mapping coverage than upstream FHIR examples.",,
nzulm_2023_data/NZULM MYSQL Schema v3.8.0.0.txt,local,governance_and_schema_documentation,txt,62534,2023-11-27T00:56:04+00:00,False,adopted,local-only-review-required,Source-native 2023 NZULM/NZMT release asset retained without transformation.,Static 2023 release is stale for current-status claims and has mixed rights.,"Richer hierarchy, Medsafe, subsidy, identifier, and mapping coverage than upstream FHIR examples.",,
nzulm_2023_data/NZULM Release Notes December 2023 v2.12.27.2.docx,local,governance_and_schema_documentation,docx,78096,2023-11-27T00:56:36+00:00,False,adopted,local-only-review-required,Source-native 2023 NZULM/NZMT release asset retained without transformation.,Static 2023 release is stale for current-status claims and has mixed rights.,"Richer hierarchy, Medsafe, subsidy, identifier, and mapping coverage than upstream FHIR examples.",,
nzulm_2023_data/NZULM Release Notes December 2023 v2.12.27.2.pdf,local,governance_and_schema_documentation,pdf,209207,2023-11-27T00:56:36+00:00,False,adopted,local-only-review-required,Source-native 2023 NZULM/NZMT release asset retained without transformation.,Static 2023 release is stale for current-status claims and has mixed rights.,"Richer hierarchy, Medsafe, subsidy, identifier, and mapping coverage than upstream FHIR examples.",,
nzulm_2023_data/NZULM Release Notes November 2023 v2.12.26.1.docx,local,governance_and_schema_documentation,docx,77545,2023-11-27T00:56:36+00:00,False,adopted,local-only-review-required,Source-native 2023 NZULM/NZMT release asset retained without transformation.,Static 2023 release is stale for current-status claims and has mixed rights.,"Richer hierarchy, Medsafe, subsidy, identifier, and mapping coverage than upstream FHIR examples.",,
nzulm_2023_data/NZULM Release Notes November 2023 v2.12.26.1.pdf,local,governance_and_schema_documentation,pdf,208483,2023-11-27T00:56:36+00:00,False,adopted,local-only-review-required,Source-native 2023 NZULM/NZMT release asset retained without transformation.,Static 2023 release is stale for current-status claims and has mixed rights.,"Richer hierarchy, Medsafe, subsidy, identifier, and mapping coverage than upstream FHIR examples.",,
nzulm_2023_data/nzulm_2023.zip,local,release_archive,zip,36527993,2025-09-07T04:54:52+00:00,False,superseded,local-only-review-required,Preserved release archive; extracted source family is the working input.,Duplicate archive surfaces require digest comparison before deletion.,Recoverable source-release boundary.,,
nzulm_2023_data/partition_code_mapping table definition.docx,local,governance_and_schema_documentation,docx,21507,2023-11-27T00:56:02+00:00,False,adopted,local-only-review-required,Source-native 2023 NZULM/NZMT release asset retained without transformation.,Static 2023 release is stale for current-status claims and has mixed rights.,"Richer hierarchy, Medsafe, subsidy, identifier, and mapping coverage than upstream FHIR examples.",,
nzulm_2023_data/partition_code_mapping table definition.pdf,local,governance_and_schema_documentation,pdf,551478,2023-11-27T00:56:02+00:00,False,adopted,local-only-review-required,Source-native 2023 NZULM/NZMT release asset retained without transformation.,Static 2023 release is stale for current-status claims and has mixed rights.,"Richer hierarchy, Medsafe, subsidy, identifier, and mapping coverage than upstream FHIR examples.",,
nzulm_2023_data/partition_code_mapping_dump.csv,local,nzmt_supporting_source,csv,13066968,2023-11-27T00:56:36+00:00,False,adopted,local-only-review-required,Source-native 2023 NZULM/NZMT release asset retained without transformation.,Static 2023 release is stale for current-status claims and has mixed rights.,"Richer hierarchy, Medsafe, subsidy, identifier, and mapping coverage than upstream FHIR examples.",,
nzulm_2023_data/PF_dump.csv,local,nzmt_hierarchy_source,csv,1346,2023-11-27T00:56:02+00:00,False,adopted,local-only-review-required,Source-native 2023 NZULM/NZMT release asset retained without transformation.,Static 2023 release is stale for current-status claims and has mixed rights.,"Richer hierarchy, Medsafe, subsidy, identifier, and mapping coverage than upstream FHIR examples.",,
nzulm_2023_data/PMI_dump.csv,local,nzmt_hierarchy_source,csv,220,2023-11-27T00:56:02+00:00,False,adopted,local-only-review-required,Source-native 2023 NZULM/NZMT release asset retained without transformation.,Static 2023 release is stale for current-status claims and has mixed rights.,"Richer hierarchy, Medsafe, subsidy, identifier, and mapping coverage than upstream FHIR examples.",,
nzulm_2023_data/preferredterm_index_dump.csv,local,nzmt_supporting_source,csv,17064239,2023-11-27T00:56:02+00:00,False,adopted,local-only-review-required,Source-native 2023 NZULM/NZMT release asset retained without transformation.,Static 2023 release is stale for current-status claims and has mixed rights.,"Richer hierarchy, Medsafe, subsidy, identifier, and mapping coverage than upstream FHIR examples.",,
nzulm_2023_data/prescribing_term_index_dump.csv,local,nzmt_supporting_source,csv,7452189,2023-11-27T00:56:02+00:00,False,adopted,local-only-review-required,Source-native 2023 NZULM/NZMT release asset retained without transformation.,Static 2023 release is stale for current-status claims and has mixed rights.,"Richer hierarchy, Medsafe, subsidy, identifier, and mapping coverage than upstream FHIR examples.",,
nzulm_2023_data/prescribing_term_selection_list_dump.csv,local,funding_formulary_source,csv,2458082,2023-11-27T00:56:02+00:00,False,adopted,local-only-review-required,Source-native 2023 NZULM/NZMT release asset retained without transformation.,Static 2023 release is stale for current-status claims and has mixed rights.,"Richer hierarchy, Medsafe, subsidy, identifier, and mapping coverage than upstream FHIR examples.",,
nzulm_2023_data/ps_atc_dump.csv,local,funding_formulary_source,csv,28080,2023-11-27T00:56:02+00:00,False,adopted,local-only-review-required,Source-native 2023 NZULM/NZMT release asset retained without transformation.,Static 2023 release is stale for current-status claims and has mixed rights.,"Richer hierarchy, Medsafe, subsidy, identifier, and mapping coverage than upstream FHIR examples.",,
nzulm_2023_data/ps_brand_dump.csv,local,funding_formulary_source,csv,208913,2023-11-27T00:56:02+00:00,False,adopted,local-only-review-required,Source-native 2023 NZULM/NZMT release asset retained without transformation.,Static 2023 release is stale for current-status claims and has mixed rights.,"Richer hierarchy, Medsafe, subsidy, identifier, and mapping coverage than upstream FHIR examples.",,
nzulm_2023_data/ps_cfbp_dump.csv,local,funding_formulary_source,csv,254989,2023-11-27T00:56:02+00:00,False,adopted,local-only-review-required,Source-native 2023 NZULM/NZMT release asset retained without transformation.,Static 2023 release is stale for current-status claims and has mixed rights.,"Richer hierarchy, Medsafe, subsidy, identifier, and mapping coverage than upstream FHIR examples.",,
nzulm_2023_data/ps_chemical_dump.csv,local,funding_formulary_source,csv,59772,2023-11-27T00:56:02+00:00,False,adopted,local-only-review-required,Source-native 2023 NZULM/NZMT release asset retained without transformation.,Static 2023 release is stale for current-status claims and has mixed rights.,"Richer hierarchy, Medsafe, subsidy, identifier, and mapping coverage than upstream FHIR examples.",,
nzulm_2023_data/ps_formulation_dump.csv,local,funding_formulary_source,csv,186785,2023-11-27T00:56:02+00:00,False,adopted,local-only-review-required,Source-native 2023 NZULM/NZMT release asset retained without transformation.,Static 2023 release is stale for current-status claims and has mixed rights.,"Richer hierarchy, Medsafe, subsidy, identifier, and mapping coverage than upstream FHIR examples.",,
nzulm_2023_data/ps_note_dump.csv,local,funding_formulary_source,csv,953146,2023-11-27T00:56:02+00:00,False,adopted,local-only-review-required,Source-native 2023 NZULM/NZMT release asset retained without transformation.,Static 2023 release is stale for current-status claims and has mixed rights.,"Richer hierarchy, Medsafe, subsidy, identifier, and mapping coverage than upstream FHIR examples.",,
nzulm_2023_data/ps_pack_dump.csv,local,funding_formulary_source,csv,334951,2023-11-27T00:56:02+00:00,False,adopted,local-only-review-required,Source-native 2023 NZULM/NZMT release asset retained without transformation.,Static 2023 release is stale for current-status claims and has mixed rights.,"Richer hierarchy, Medsafe, subsidy, identifier, and mapping coverage than upstream FHIR examples.",,
nzulm_2023_data/ps_request_dump.csv,local,funding_formulary_source,csv,17149,2023-11-27T00:56:02+00:00,False,adopted,local-only-review-required,Source-native 2023 NZULM/NZMT release asset retained without transformation.,Static 2023 release is stale for current-status claims and has mixed rights.,"Richer hierarchy, Medsafe, subsidy, identifier, and mapping coverage than upstream FHIR examples.",,
nzulm_2023_data/ps_rule_dump.csv,local,funding_formulary_source,csv,109327,2023-11-27T00:56:02+00:00,False,adopted,local-only-review-required,Source-native 2023 NZULM/NZMT release asset retained without transformation.,Static 2023 release is stale for current-status claims and has mixed rights.,"Richer hierarchy, Medsafe, subsidy, identifier, and mapping coverage than upstream FHIR examples.",,
nzulm_2023_data/ps_schedule_dump.csv,local,funding_formulary_source,csv,224,2023-11-27T00:56:02+00:00,False,adopted,local-only-review-required,Source-native 2023 NZULM/NZMT release asset retained without transformation.,Static 2023 release is stale for current-status claims and has mixed rights.,"Richer hierarchy, Medsafe, subsidy, identifier, and mapping coverage than upstream FHIR examples.",,
nzulm_2023_data/PSRT_dump.csv,local,nzmt_hierarchy_source,csv,703,2023-11-27T00:56:02+00:00,False,adopted,local-only-review-required,Source-native 2023 NZULM/NZMT release asset retained without transformation.,Static 2023 release is stale for current-status claims and has mixed rights.,"Richer hierarchy, Medsafe, subsidy, identifier, and mapping coverage than upstream FHIR examples.",,
nzulm_2023_data/substance_dump.csv,local,nzmt_hierarchy_source,csv,250300,2023-11-27T00:56:02+00:00,False,adopted,local-only-review-required,Source-native 2023 NZULM/NZMT release asset retained without transformation.,Static 2023 release is stale for current-status claims and has mixed rights.,"Richer hierarchy, Medsafe, subsidy, identifier, and mapping coverage than upstream FHIR examples.",,
nzulm_2023_data/The New Zealand Universal List of Medicines Tall Man lettering resource.docx,local,governance_and_schema_documentation,docx,42851,2023-11-27T00:56:02+00:00,False,adopted,local-only-review-required,Source-native 2023 NZULM/NZMT release asset retained without transformation.,Static 2023 release is stale for current-status claims and has mixed rights.,"Richer hierarchy, Medsafe, subsidy, identifier, and mapping coverage than upstream FHIR examples.",,
nzulm_2023_data/The New Zealand Universal List of Medicines Tall Man lettering resource.pdf,local,governance_and_schema_documentation,pdf,317735,2023-11-27T00:56:02+00:00,False,adopted,local-only-review-required,Source-native 2023 NZULM/NZMT release asset retained without transformation.,Static 2023 release is stale for current-status claims and has mixed rights.,"Richer hierarchy, Medsafe, subsidy, identifier, and mapping coverage than upstream FHIR examples.",,
nzulm_2023_data/THT_dump.csv,local,nzmt_hierarchy_source,csv,2322808,2023-11-27T00:56:02+00:00,False,adopted,local-only-review-required,Source-native 2023 NZULM/NZMT release asset retained without transformation.,Static 2023 release is stale for current-status claims and has mixed rights.,"Richer hierarchy, Medsafe, subsidy, identifier, and mapping coverage than upstream FHIR examples.",,
nzulm_2023_data/TP_dump.csv,local,nzmt_hierarchy_source,csv,678860,2023-11-27T00:56:02+00:00,False,adopted,local-only-review-required,Source-native 2023 NZULM/NZMT release asset retained without transformation.,Static 2023 release is stale for current-status claims and has mixed rights.,"Richer hierarchy, Medsafe, subsidy, identifier, and mapping coverage than upstream FHIR examples.",,
nzulm_2023_data/TPP_dump.csv,local,nzmt_hierarchy_source,csv,6574774,2023-11-27T00:56:02+00:00,False,adopted,local-only-review-required,Source-native 2023 NZULM/NZMT release asset retained without transformation.,Static 2023 release is stale for current-status claims and has mixed rights.,"Richer hierarchy, Medsafe, subsidy, identifier, and mapping coverage than upstream FHIR examples.",,
nzulm_2023_data/TPUU_dump.csv,local,nzmt_hierarchy_source,csv,4342593,2023-11-27T00:56:02+00:00,False,adopted,local-only-review-required,Source-native 2023 NZULM/NZMT release asset retained without transformation.,Static 2023 release is stale for current-status claims and has mixed rights.,"Richer hierarchy, Medsafe, subsidy, identifier, and mapping coverage than upstream FHIR examples.",,
nzulm_2023_data/UDFI_dump.csv,local,nzmt_hierarchy_source,csv,280,2023-11-27T00:56:02+00:00,False,adopted,local-only-review-required,Source-native 2023 NZULM/NZMT release asset retained without transformation.,Static 2023 release is stale for current-status claims and has mixed rights.,"Richer hierarchy, Medsafe, subsidy, identifier, and mapping coverage than upstream FHIR examples.",,
nzulm_2023_data/UOM_dump.csv,local,nzmt_hierarchy_source,csv,12379,2023-11-27T00:56:02+00:00,False,adopted,local-only-review-required,Source-native 2023 NZULM/NZMT release asset retained without transformation.,Static 2023 release is stale for current-status claims and has mixed rights.,"Richer hierarchy, Medsafe, subsidy, identifier, and mapping coverage than upstream FHIR examples.",,
nzulm_2023_data/Use Cases v3.docx,local,governance_and_schema_documentation,docx,26878,2023-11-27T00:56:04+00:00,False,adopted,local-only-review-required,Source-native 2023 NZULM/NZMT release asset retained without transformation.,Static 2023 release is stale for current-status claims and has mixed rights.,"Richer hierarchy, Medsafe, subsidy, identifier, and mapping coverage than upstream FHIR examples.",,
nzulm_2023_data/version.txt,local,governance_and_schema_documentation,txt,270,2023-11-27T00:56:38+00:00,False,adopted,local-only-review-required,Source-native 2023 NZULM/NZMT release asset retained without transformation.,Static 2023 release is stale for current-status claims and has mixed rights.,"Richer hierarchy, Medsafe, subsidy, identifier, and mapping coverage than upstream FHIR examples.",,
nzulm_2023_data/who_atc_dump.csv,local,terminology_mapping_source,csv,324369,2023-11-27T00:56:02+00:00,False,adopted,local-only-review-required,Source-native 2023 NZULM/NZMT release asset retained without transformation.,Static 2023 release is stale for current-status claims and has mixed rights.,"Richer hierarchy, Medsafe, subsidy, identifier, and mapping coverage than upstream FHIR examples.",,
scripts/integrate_nzulm_2023.py,local,implementation_support,py,9248,2025-09-07T05:16:06+00:00,False,adapted,source-code-or-documentation,"Existing implementation, validation, or design surface to retain and evolve.",Some legacy documentation may overstate completion or current recency.,Maintainer-owned implementation and test evidence.,,
scripts/medsafe_scraper.py,local,implementation_support,py,17794,2025-09-02T02:07:21+00:00,False,adapted,source-code-or-documentation,"Existing implementation, validation, or design surface to retain and evolve.",Some legacy documentation may overstate completion or current recency.,Maintainer-owned implementation and test evidence.,,
scripts/refresh_medsafe_edges.sh,local,implementation_support,sh,872,2025-09-02T02:17:34+00:00,False,adapted,source-code-or-documentation,"Existing implementation, validation, or design surface to retain and evolve.",Some legacy documentation may overstate completion or current recency.,Maintainer-owned implementation and test evidence.,,
sources/nz/nzulm_fhir/__init__.py,local,nz_fhir_adapter,py,269,2026-07-27T13:07:54.386728+00:00,True,adapted,source-code,First-party provenance-bearing adapter over preserved FHIR fixtures.,FHIR projection is not the canonical medicine data model.,"Python 3.14 contracts, properties, and source digests.",,
sources/nz/nzulm_fhir/adapter.py,local,nz_fhir_adapter,py,3528,2026-07-27T13:07:54.386728+00:00,True,adapted,source-code,First-party provenance-bearing adapter over preserved FHIR fixtures.,FHIR projection is not the canonical medicine data model.,"Python 3.14 contracts, properties, and source digests.",,
terminology/nzulm/__init__.py,local,nzmt_ingestor,py,302,2025-09-28T01:23:42+00:00,False,adapted,source-code,Existing maintainer-owned NZ terminology ingestion capability.,Legacy contracts require alignment with the canonical global model.,Builds on prior local implementation instead of replacing it.,,
terminology/nzulm/ingestor.py,local,nzmt_ingestor,py,9202,2025-09-28T01:38:11+00:00,False,adapted,source-code,Existing maintainer-owned NZ terminology ingestion capability.,Legacy contracts require alignment with the canonical global model.,Builds on prior local implementation instead of replacing it.,,
terminology/nzulm/README.md,local,nzmt_ingestor,md,2838,2025-09-28T01:23:42+00:00,False,adapted,source-code,Existing maintainer-owned NZ terminology ingestion capability.,Legacy contracts require alignment with the canonical global model.,Builds on prior local implementation instead of replacing it.,,
tests/test_nzulm_fhir_adapter.py,local,implementation_support,py,1763,2026-07-27T13:07:54.387724+00:00,True,adapted,source-code-or-documentation,"Existing implementation, validation, or design surface to retain and evolve.",Some legacy documentation may overstate completion or current recency.,Maintainer-owned implementation and test evidence.,,
tests/test_nzulm_fhir_properties.py,local,implementation_support,py,2776,2026-07-27T13:35:36.428685+00:00,True,adapted,source-code-or-documentation,"Existing implementation, validation, or design surface to retain and evolve.",Some legacy documentation may overstate completion or current recency.,Maintainer-owned implementation and test evidence.,,
tests/test_nzulm_ingestor.py,local,implementation_support,py,19732,2025-09-28T01:23:42+00:00,False,adapted,source-code-or-documentation,"Existing implementation, validation, or design surface to retain and evolve.",Some legacy documentation may overstate completion or current recency.,Maintainer-owned implementation and test evidence.,,
